<?xml version="1.0" encoding="UTF-8"?>
<manifest xmlns:xsi="http://www.w3.org/2001/XMLSchema-instance" xsi:noNamespaceSchemaLocation="https://raw.githubusercontent.com/shopware/shopware/trunk/src/Core/Framework/App/Manifest/Schema/manifest-2.0.xsd">
    <meta>
        <name>ReqserApp</name>
        <label>Reqser.com App</label>
        <label lang="de-DE">AI Reqser.com Verbindungs App</label>
        <description>AI Reqser.com Connection App</description>
        <description lang="de-DE">Verbindungs App zu Reqser.com</description>
        <author>Reqser.com AG</author>
        <copyright>(c) by Reqser.com AG</copyright>
        <version>1.0.4</version>
        <icon>icon.png</icon>
        <license>proprietary</license>
    </meta>
    <setup>
        <registrationUrl>https://www.reqser.com/app/shopware/register</registrationUrl>
        <!-- Private APP so the secret has to stay here -->
        <secret>ZFikfxdlxTNCFwzlCFiSrpe1hhR7YS18yIPRsLp8C5xnQk78urr1AZ11ABcp</secret>
    </setup>
    <permissions>
        <read>acl_role</read>

        <!-- Necessary to add new Languages via Reqser -->
        <read>sales_channel_domain</read>
        <create>sales_channel_domain</create>
        <read>language</read>
        <create>language</create>
        <read>snippet</read>
        <create>snippet</create>
        <update>snippet</update>
        <read>snippet_set</read>
        <read>sales_channel_currency</read>
        <create>sales_channel_currency</create>
        <read>sales_channel_language</read>
        <create>sales_channel_language</create>

        <!-- Necessary to send notifications -->
        <create>notification</create>

        <!-- Necessary to check if Reqser Plugin is installed and activated -->
        <read>app</read>
        <read>plugin</read>
        <read>scheduled_task</read>

        <!-- Necessary to show the product images -->
        <read>product_media</read>
        
        <!-- All Tables with _translations ans their parents necessary to translate into a new langauge -->
        <read>app_action_button</read>
        <create>app_action_button</create>
        <update>app_action_button</update>
        <read>app_action_button_translation</read>
        <create>app_action_button_translation</create>
        <update>app_action_button_translation</update>
        <read>app_cms_block</read>
        <create>app_cms_block</create>
        <update>app_cms_block</update>
        <read>app_cms_block_translation</read>
        <create>app_cms_block_translation</create>
        <update>app_cms_block_translation</update>
        <read>app_flow_action</read>
        <create>app_flow_action</create>
        <update>app_flow_action</update>
        <read>app_flow_action_translation</read>
        <create>app_flow_action_translation</create>
        <update>app_flow_action_translation</update>
        <read>app_script_condition</read>
        <create>app_script_condition</create>
        <update>app_script_condition</update>
        <read>app_script_condition_translation</read>
        <create>app_script_condition_translation</create>
        <update>app_script_condition_translation</update>
        <read>app</read>
        <create>app</create>
        <update>app</update>
        <read>app_translation</read>
        <create>app_translation</create>
        <update>app_translation</update>
        <read>category_translation</read>
        <create>category_translation</create>
        <update>category_translation</update>
        <read>category</read>
        <create>category</create>
        <update>category</update>
        <read>cms_page</read>
        <create>cms_page</create>
        <update>cms_page</update>
        <read>cms_page_translation</read>
        <create>cms_page_translation</create>
        <update>cms_page_translation</update>
        <read>cms_block</read>
        <read>cms_section</read>
        <read>cms_slot</read>
        <create>cms_slot</create>
        <update>cms_slot</update>
        <read>cms_slot_translation</read>
        <create>cms_slot_translation</create>
        <update>cms_slot_translation</update>
        <read>country_state</read>
        <create>country_state</create>
        <update>country_state</update>
        <read>country_state_translation</read>
        <create>country_state_translation</create>
        <update>country_state_translation</update>
        <read>country</read>
        <create>country</create>
        <update>country</update>
        <read>country_translation</read>
        <create>country_translation</create>
        <update>country_translation</update>
        <read>currency</read>
        <create>currency</create>
        <update>currency</update>
        <read>currency_translation</read>
        <create>currency_translation</create>
        <update>currency_translation</update>
        <read>customer_group</read>
        <create>customer_group</create>
        <update>customer_group</update>
        <read>customer_group_translation</read>
        <create>customer_group_translation</create>
        <update>customer_group_translation</update>
        <read>delivery_time</read>
        <create>delivery_time</create>
        <update>delivery_time</update>
        <read>delivery_time_translation</read>
        <create>delivery_time_translation</create>
        <update>delivery_time_translation</update>
        <read>document_type</read>
        <create>document_type</create>
        <update>document_type</update>
        <read>document_type_translation</read>
        <create>document_type_translation</create>
        <update>document_type_translation</update>
        <read>import_export_profile</read>
        <create>import_export_profile</create>
        <update>import_export_profile</update>
        <read>import_export_profile_translation</read>
        <create>import_export_profile_translation</create>
        <update>import_export_profile_translation</update>
        <read>landing_page</read>
        <create>landing_page</create>
        <update>landing_page</update>
        <read>landing_page_translation</read>
        <create>landing_page_translation</create>
        <update>landing_page_translation</update>
        <read>locale</read>
        <create>locale</create>
        <update>locale</update>
        <read>locale_translation</read>
        <create>locale_translation</create>
        <update>locale_translation</update>
        <read>mail_header_footer</read>
        <create>mail_header_footer</create>
        <update>mail_header_footer</update>
        <read>mail_header_footer_translation</read>
        <create>mail_header_footer_translation</create>
        <update>mail_header_footer_translation</update>
        <read>mail_template</read>
        <create>mail_template</create>
        <update>mail_template</update>
        <read>mail_template_translation</read>
        <create>mail_template_translation</create>
        <update>mail_template_translation</update>
        <read>mail_template_type</read>
        <create>mail_template_type</create>
        <update>mail_template_type</update>
        <read>mail_template_type_translation</read>
        <create>mail_template_type_translation</create>
        <update>mail_template_type_translation</update>
        <read>media</read>
        <create>media</create>
        <update>media</update>
        <read>media_translation</read>
        <create>media_translation</create>
        <update>media_translation</update>
        <read>number_range</read>
        <create>number_range</create>
        <update>number_range</update>
        <read>number_range_translation</read>
        <create>number_range_translation</create>
        <update>number_range_translation</update>
        <read>number_range_type</read>
        <create>number_range_type</create>
        <update>number_range_type</update>
        <read>number_range_type_translation</read>
        <create>number_range_type_translation</create>
        <update>number_range_type_translation</update>
        <read>payment_method</read>
        <create>payment_method</create>
        <update>payment_method</update>
        <read>payment_method_translation</read>
        <create>payment_method_translation</create>
        <update>payment_method_translation</update>
        <read>plugin</read>
        <create>plugin</create>
        <update>plugin</update>
        <read>plugin_translation</read>
        <create>plugin_translation</create>
        <update>plugin_translation</update>
        <read>product_translation</read>
        <create>product_translation</create>
        <update>product_translation</update>
        <read>product</read>
        <create>product</create>
        <update>product</update>
        <read>product_cross_selling</read>
        <create>product_cross_selling</create>
        <update>product_cross_selling</update>
        <read>product_cross_selling_translation</read>
        <create>product_cross_selling_translation</create>
        <update>product_cross_selling_translation</update>
        <read>product_feature_set</read>
        <create>product_feature_set</create>
        <update>product_feature_set</update>
        <read>product_feature_set_translation</read>
        <create>product_feature_set_translation</create>
        <update>product_feature_set_translation</update>
        <read>product_manufacturer</read>
        <create>product_manufacturer</create>
        <update>product_manufacturer</update>
        <read>product_manufacturer_translation</read>
        <create>product_manufacturer_translation</create>
        <update>product_manufacturer_translation</update>
        <read>product_sorting</read>
        <create>product_sorting</create>
        <update>product_sorting</update>
        <read>product_sorting_translation</read>
        <create>product_sorting_translation</create>
        <update>product_sorting_translation</update>
        <read>product_stream</read>
        <create>product_stream</create>
        <update>product_stream</update>
        <read>product_stream_translation</read>
        <create>product_stream_translation</create>
        <update>product_stream_translation</update>
        <read>promotion</read>
        <create>promotion</create>
        <update>promotion</update>
        <read>promotion_translation</read>
        <create>promotion_translation</create>
        <update>promotion_translation</update>
        <read>property_group_option</read>
        <create>property_group_option</create>
        <update>property_group_option</update>
        <read>property_group_option_translation</read>
        <create>property_group_option_translation</create>
        <update>property_group_option_translation</update>
        <read>property_group</read>
        <create>property_group</create>
        <update>property_group</update>
        <read>property_group_translation</read>
        <create>property_group_translation</create>
        <update>property_group_translation</update>
        <read>sales_channel</read>
        <create>sales_channel</create>
        <update>sales_channel</update>
        <read>sales_channel_translation</read>
        <create>sales_channel_translation</create>
        <update>sales_channel_translation</update>
        <read>sales_channel_type</read>
        <create>sales_channel_type</create>
        <update>sales_channel_type</update>
        <read>sales_channel_type_translation</read>
        <create>sales_channel_type_translation</create>
        <update>sales_channel_type_translation</update>
        <read>salutation</read>
        <create>salutation</create>
        <update>salutation</update>
        <read>salutation_translation</read>
        <create>salutation_translation</create>
        <update>salutation_translation</update>
        <read>shipping_method</read>
        <create>shipping_method</create>
        <update>shipping_method</update>
        <read>shipping_method_translation</read>
        <create>shipping_method_translation</create>
        <update>shipping_method_translation</update>
        <read>state_machine_state</read>
        <create>state_machine_state</create>
        <update>state_machine_state</update>
        <read>state_machine_state_translation</read>
        <create>state_machine_state_translation</create>
        <update>state_machine_state_translation</update>
        <read>state_machine</read>
        <create>state_machine</create>
        <update>state_machine</update>
        <read>state_machine_translation</read>
        <create>state_machine_translation</create>
        <update>state_machine_translation</update>
        <read>tax_provider</read>
        <create>tax_provider</create>
        <update>tax_provider</update>
        <read>tax_provider_translation</read>
        <create>tax_provider_translation</create>
        <update>tax_provider_translation</update>
        <read>tax_rule_type</read>
        <create>tax_rule_type</create>
        <update>tax_rule_type</update>
        <read>tax_rule_type_translation</read>
        <create>tax_rule_type_translation</create>
        <update>tax_rule_type_translation</update>
        <read>theme</read>
        <create>theme</create>
        <update>theme</update>
        <read>theme_translation</read>
        <create>theme_translation</create>
        <update>theme_translation</update>
        <read>unit</read>
        <create>unit</create>
        <update>unit</update>
        <read>unit_translation</read>
        <create>unit_translation</create>
        <update>unit_translation</update>
        <!-- Since version 6.4.12.0 your app can request additional non-CRUD privileges-->
        <permission>system:cache:info</permission>
    </permissions>
    <webhooks>
        <webhook name="appActivated" url="https://www.reqser.com/app/shopware/lifecycle/activate" event="app.activated"/>
        <webhook name="appDeactivated" url="https://www.reqser.com/app/shopware/lifecycle/deactivate" event="app.deactivated"/>
        <webhook name="appDeleted" url="https://www.reqser.com/app/shopware/lifecycle/delete" event="app.deleted"/>
        <webhook name="productWritten" url="https://www.reqser.com/app/shopware/webhook" event="product.written"/>
        <webhook name="categoryWritten" url="https://www.reqser.com/app/shopware/webhook" event="category.written"/>
        <!-- <webhook name="saleschannelWritten" url="https://www.reqser.com/app/shopware/webhook" event="sales_channel.written"/>
        <webhook name="sales_channel_domainWritten" url="https://www.reqser.com/app/shopware/webhook" event="sales_channel_domain.written"/> -->
    </webhooks>
</manifest>