<?xml version="1.0" encoding="UTF-8"?>
<manifest xmlns:xsi="http://www.w3.org/2001/XMLSchema-instance" xsi:noNamespaceSchemaLocation="https://raw.githubusercontent.com/shopware/shopware/trunk/src/Core/Framework/App/Manifest/Schema/manifest-2.0.xsd">
    <meta>
        <name>ReqserApp</name>
        <label>Reqser.com App</label>
        <label lang="de-DE">AI Reqser.com Verbindungs App</label>
        <label lang="de-CH">AI Reqser.com Verbindungs App</label>
        <description>AI Reqser.com Connection App</description>
        <description lang="de-DE">Verbindungs App zu Reqser.com</description>
        <description lang="de-CH">Verbindungs App zu Reqser.com</description>
        <author>Reqser.com AG</author>
        <copyright>(c) by Reqser.com AG</copyright>
        <version>1.2.5</version>
        <icon>icon.png</icon>
        <license>proprietary</license>
    </meta>
    <setup>
        <registrationUrl>https://www.reqser.com/app/shopware/register</registrationUrl>
        <!-- Private APP so the secret has to stay here -->
        <secret>ZFikfxdlxTNCFwzlCFiSrpe1hhR7YS18yIPRsLp8C5xnQk78urr1AZ11ABcp</secret>
    </setup>
    <permissions>
        <read>acl_role</read>

        <!-- Necessary to add new Languages via Reqser -->
        <read>sales_channel_domain</read>
        <update>sales_channel_domain</update>
        <create>sales_channel_domain</create>
        <read>language</read>
        <create>language</create>
        <read>snippet</read>
        <create>snippet</create>
        <update>snippet</update>
        <read>snippet_set</read>
        <update>snippet_set</update>
        <read>sales_channel_currency</read>
        <create>sales_channel_currency</create>
        <read>sales_channel_language</read>
        <create>sales_channel_language</create>
        <read>seo_url</read>
        <create>seo_url</create>
        <update>seo_url</update>

        <!-- Necessary to send notifications -->
        <create>notification</create>

        <!-- Necessary to check if Reqser Plugin is installed and activated -->
        <read>app</read>
        <read>plugin</read>
        <read>scheduled_task</read>

        <!-- Necessary to show the product images -->
        <read>product_media</read>
        
        <!-- All Tables with _translations and their parent tables are necessary to translate into a new language -->
        <read>app_action_button</read>
        <create>app_action_button</create>
        <update>app_action_button</update>
        <read>app_action_button_translation</read>
        <create>app_action_button_translation</create>
        <update>app_action_button_translation</update>
        <read>app_cms_block</read>
        <create>app_cms_block</create>
        <update>app_cms_block</update>
        <read>app_cms_block_translation</read>
        <create>app_cms_block_translation</create>
        <update>app_cms_block_translation</update>
        <read>app_flow_action</read>
        <create>app_flow_action</create>
        <update>app_flow_action</update>
        <read>app_flow_action_translation</read>
        <create>app_flow_action_translation</create>
        <update>app_flow_action_translation</update>
        <read>app_script_condition</read>
        <create>app_script_condition</create>
        <update>app_script_condition</update>
        <read>app_script_condition_translation</read>
        <create>app_script_condition_translation</create>
        <update>app_script_condition_translation</update>
        <read>app</read>
        <create>app</create>
        <update>app</update>
        <read>app_translation</read>
        <create>app_translation</create>
        <update>app_translation</update>
        <read>category_translation</read>
        <create>category_translation</create>
        <update>category_translation</update>
        <read>category</read>
        <create>category</create>
        <update>category</update>
        <read>cms_page</read>
        <create>cms_page</create>
        <update>cms_page</update>
        <read>cms_page_translation</read>
        <create>cms_page_translation</create>
        <update>cms_page_translation</update>
        <read>cms_block</read>
        <read>cms_section</read>
        <read>cms_slot</read>
        <create>cms_slot</create>
        <update>cms_slot</update>
        <read>cms_slot_translation</read>
        <create>cms_slot_translation</create>
        <update>cms_slot_translation</update>
        <read>country_state</read>
        <create>country_state</create>
        <update>country_state</update>
        <read>country_state_translation</read>
        <create>country_state_translation</create>
        <update>country_state_translation</update>
        <read>country</read>
        <create>country</create>
        <update>country</update>
        <read>country_translation</read>
        <create>country_translation</create>
        <update>country_translation</update>
        <read>currency</read>
        <create>currency</create>
        <update>currency</update>
        <read>currency_translation</read>
        <create>currency_translation</create>
        <update>currency_translation</update>
        <read>customer_group</read>
        <create>customer_group</create>
        <update>customer_group</update>
        <read>customer_group_translation</read>
        <create>customer_group_translation</create>
        <update>customer_group_translation</update>
        <read>delivery_time</read>
        <create>delivery_time</create>
        <update>delivery_time</update>
        <read>delivery_time_translation</read>
        <create>delivery_time_translation</create>
        <update>delivery_time_translation</update>
        <read>document_type</read>
        <create>document_type</create>
        <update>document_type</update>
        <read>document_type_translation</read>
        <create>document_type_translation</create>
        <update>document_type_translation</update>
        <read>import_export_profile</read>
        <create>import_export_profile</create>
        <update>import_export_profile</update>
        <read>import_export_profile_translation</read>
        <create>import_export_profile_translation</create>
        <update>import_export_profile_translation</update>
        <read>landing_page</read>
        <create>landing_page</create>
        <update>landing_page</update>
        <read>landing_page_translation</read>
        <create>landing_page_translation</create>
        <update>landing_page_translation</update>
        <read>locale</read>
        <create>locale</create>
        <update>locale</update>
        <read>locale_translation</read>
        <create>locale_translation</create>
        <update>locale_translation</update>
        <read>mail_header_footer</read>
        <create>mail_header_footer</create>
        <update>mail_header_footer</update>
        <read>mail_header_footer_translation</read>
        <create>mail_header_footer_translation</create>
        <update>mail_header_footer_translation</update>
        <read>mail_template</read>
        <create>mail_template</create>
        <update>mail_template</update>
        <read>mail_template_translation</read>
        <create>mail_template_translation</create>
        <update>mail_template_translation</update>
        <read>mail_template_type</read>
        <create>mail_template_type</create>
        <update>mail_template_type</update>
        <read>mail_template_type_translation</read>
        <create>mail_template_type_translation</create>
        <update>mail_template_type_translation</update>
        <read>media</read>
        <create>media</create>
        <update>media</update>
        <read>media_translation</read>
        <create>media_translation</create>
        <update>media_translation</update>
        <read>number_range</read>
        <create>number_range</create>
        <update>number_range</update>
        <read>number_range_translation</read>
        <create>number_range_translation</create>
        <update>number_range_translation</update>
        <read>number_range_type</read>
        <create>number_range_type</create>
        <update>number_range_type</update>
        <read>number_range_type_translation</read>
        <create>number_range_type_translation</create>
        <update>number_range_type_translation</update>
        <read>payment_method</read>
        <create>payment_method</create>
        <update>payment_method</update>
        <read>payment_method_translation</read>
        <create>payment_method_translation</create>
        <update>payment_method_translation</update>
        <read>plugin</read>
        <create>plugin</create>
        <update>plugin</update>
        <read>plugin_translation</read>
        <create>plugin_translation</create>
        <update>plugin_translation</update>
        <read>product_translation</read>
        <create>product_translation</create>
        <update>product_translation</update>
        <read>product</read>
        <create>product</create>
        <update>product</update>
        <read>product_cross_selling</read>
        <create>product_cross_selling</create>
        <update>product_cross_selling</update>
        <read>product_cross_selling_translation</read>
        <create>product_cross_selling_translation</create>
        <update>product_cross_selling_translation</update>
        <read>product_feature_set</read>
        <create>product_feature_set</create>
        <update>product_feature_set</update>
        <read>product_feature_set_translation</read>
        <create>product_feature_set_translation</create>
        <update>product_feature_set_translation</update>
        <read>product_manufacturer</read>
        <create>product_manufacturer</create>
        <update>product_manufacturer</update>
        <read>product_manufacturer_translation</read>
        <create>product_manufacturer_translation</create>
        <update>product_manufacturer_translation</update>
        <read>product_sorting</read>
        <create>product_sorting</create>
        <update>product_sorting</update>
        <read>product_sorting_translation</read>
        <create>product_sorting_translation</create>
        <update>product_sorting_translation</update>
        <read>product_stream</read>
        <create>product_stream</create>
        <update>product_stream</update>
        <read>product_stream_translation</read>
        <create>product_stream_translation</create>
        <update>product_stream_translation</update>
        <read>promotion</read>
        <create>promotion</create>
        <update>promotion</update>
        <read>promotion_translation</read>
        <create>promotion_translation</create>
        <update>promotion_translation</update>
        <read>property_group_option</read>
        <create>property_group_option</create>
        <update>property_group_option</update>
        <read>property_group_option_translation</read>
        <create>property_group_option_translation</create>
        <update>property_group_option_translation</update>
        <read>property_group</read>
        <create>property_group</create>
        <update>property_group</update>
        <read>property_group_translation</read>
        <create>property_group_translation</create>
        <update>property_group_translation</update>
        <read>sales_channel</read>
        <create>sales_channel</create>
        <update>sales_channel</update>
        <read>sales_channel_translation</read>
        <create>sales_channel_translation</create>
        <update>sales_channel_translation</update>
        <read>sales_channel_type</read>
        <create>sales_channel_type</create>
        <update>sales_channel_type</update>
        <read>sales_channel_type_translation</read>
        <create>sales_channel_type_translation</create>
        <update>sales_channel_type_translation</update>
        <read>salutation</read>
        <create>salutation</create>
        <update>salutation</update>
        <read>salutation_translation</read>
        <create>salutation_translation</create>
        <update>salutation_translation</update>
        <read>shipping_method</read>
        <create>shipping_method</create>
        <update>shipping_method</update>
        <read>shipping_method_translation</read>
        <create>shipping_method_translation</create>
        <update>shipping_method_translation</update>
        <read>state_machine_state</read>
        <create>state_machine_state</create>
        <update>state_machine_state</update>
        <read>state_machine_state_translation</read>
        <create>state_machine_state_translation</create>
        <update>state_machine_state_translation</update>
        <read>state_machine</read>
        <create>state_machine</create>
        <update>state_machine</update>
        <read>state_machine_translation</read>
        <create>state_machine_translation</create>
        <update>state_machine_translation</update>

        <read>tax_provider</read>
        <create>tax_provider</create>
        <update>tax_provider</update>
        <read>tax_provider_translation</read>
        <create>tax_provider_translation</create>
        <update>tax_provider_translation</update>
        <read>tax_rule_type</read>
        <create>tax_rule_type</create>
        <update>tax_rule_type</update>
        <read>tax_rule_type_translation</read>
        <create>tax_rule_type_translation</create>
        <update>tax_rule_type_translation</update>
        <read>theme</read>
        <create>theme</create>
        <update>theme</update>
        <read>theme_translation</read>
        <create>theme_translation</create>
        <update>theme_translation</update>
        <read>unit</read>
        <create>unit</create>
        <update>unit</update>
        <read>unit_translation</read>
        <create>unit_translation</create>
        <update>unit_translation</update>
        <!-- Since version 6.4.12.0 your app can request additional non-CRUD privileges-->
        <permission>system:cache:info</permission>

        <!-- Optional to also Translate Reviews -->
        <read>product_review</read>
        <create>product_review</create>
        <update>product_review</update>

        <!-- SWAG CMS Extension -->
        <read>swag_cms_extensions_form</read>
        <create>swag_cms_extensions_form</create>
        <update>swag_cms_extensions_form</update>
        <read>swag_cms_extensions_form_translation</read>
        <create>swag_cms_extensions_form_translation</create>
        <update>swag_cms_extensions_form_translation</update>
        <read>swag_cms_extensions_form_group</read>
        <create>swag_cms_extensions_form_group</create>
        <update>swag_cms_extensions_form_group</update>
        <read>swag_cms_extensions_form_group_translation</read>
        <create>swag_cms_extensions_form_group_translation</create>
        <update>swag_cms_extensions_form_group_translation</update>
        <read>swag_cms_extensions_form_group_field</read>
        <create>swag_cms_extensions_form_group_field</create>
        <update>swag_cms_extensions_form_group_field</update>
        <read>swag_cms_extensions_form_group_field_translation</read>
        <create>swag_cms_extensions_form_group_field_translation</create>
        <update>swag_cms_extensions_form_group_field_translation</update>
        <read>swag_language_pack_language</read>
        <update>swag_language_pack_language</update>

        <!-- Non Shopware modules with translation table. If the table does not exist, the permission has no effect. -->
        <read>mega_listing_disturber</read>
        <create>mega_listing_disturber</create>
        <update>mega_listing_disturber</update>
        <read>mega_listing_disturber_translation</read>
        <create>mega_listing_disturber_translation</create>
        <update>mega_listing_disturber_translation</update>
        <read>dvsn_return_shipment_checklist</read>
        <create>dvsn_return_shipment_checklist</create>
        <update>dvsn_return_shipment_checklist</update>   
        <read>dvsn_return_shipment_checklist_translation</read>
        <create>dvsn_return_shipment_checklist_translation</create>
        <update>dvsn_return_shipment_checklist_translation</update>     
        <read>dvsn_return_shipment_procedure</read>
        <create>dvsn_return_shipment_procedure</create>
        <update>dvsn_return_shipment_procedure</update>
        <read>dvsn_return_shipment_procedure_translation</read>
        <create>dvsn_return_shipment_procedure_translation</create>
        <update>dvsn_return_shipment_procedure_translation</update>
        <read>dvsn_return_shipment_reason</read>
        <create>dvsn_return_shipment_reason</create>
        <update>dvsn_return_shipment_reason</update>   
        <read>dvsn_return_shipment_reason_translation</read>
        <create>dvsn_return_shipment_reason_translation</create>
        <update>dvsn_return_shipment_reason_translation</update>
        <read>dvsn_return_shipment_status</read>
        <create>dvsn_return_shipment_status</create>
        <update>dvsn_return_shipment_status</update>
        <read>dvsn_return_shipment_status_translation</read>
        <create>dvsn_return_shipment_status_translation</create>
        <update>dvsn_return_shipment_status_translation</update>
        <read>blur_elysium_slides</read>
        <create>blur_elysium_slides</create>
        <update>blur_elysium_slides</update>
        <read>blur_elysium_slides_translation</read>
        <create>blur_elysium_slides_translation</create>
        <update>blur_elysium_slides_translation</update>
        <read>s_plugin_netzp_blog</read>
        <create>s_plugin_netzp_blog</create>
        <update>s_plugin_netzp_blog</update>
        <read>s_plugin_netzp_blog_translation</read>
        <create>s_plugin_netzp_blog_translation</create>
        <update>s_plugin_netzp_blog_translation</update>
        <read>s_plugin_netzp_blog_item</read>
        <create>s_plugin_netzp_blog_item</create>
        <update>s_plugin_netzp_blog_item</update>
        <read>s_plugin_netzp_blog_item_translation</read>
        <create>s_plugin_netzp_blog_item_translation</create>
        <update>s_plugin_netzp_blog_item_translation</update>
        <read>s_plugin_netzp_blog_category</read>
        <create>s_plugin_netzp_blog_category</create>
        <update>s_plugin_netzp_blog_category</update>
        <read>s_plugin_netzp_blog_category_translation</read>
        <create>s_plugin_netzp_blog_category_translation</create>
        <update>s_plugin_netzp_blog_category_translation</update>
        <read>b2bsellers_customer_activity_type</read>
        <create>b2bsellers_customer_activity_type</create>
        <update>b2bsellers_customer_activity_type</update>
        <read>b2bsellers_customer_activity_type_translation</read>
        <create>b2bsellers_customer_activity_type_translation</create>
        <update>b2bsellers_customer_activity_type_translation</update>
        <read>b2bsellers_employee_permission_group</read>
        <create>b2bsellers_employee_permission_group</create>
        <update>b2bsellers_employee_permission_group</update>
        <read>b2bsellers_employee_permission_group_translation</read>
        <create>b2bsellers_employee_permission_group_translation</create>
        <update>b2bsellers_employee_permission_group_translation</update>
        <read>b2bsellers_employee_permission</read>
        <create>b2bsellers_employee_permission</create>
        <update>b2bsellers_employee_permission</update>
        <read>b2bsellers_employee_permission_translation</read>
        <create>b2bsellers_employee_permission_translation</create>
        <update>b2bsellers_employee_permission_translation</update>
        <read>b2bsellers_employee_role</read>
        <create>b2bsellers_employee_role</create>
        <update>b2bsellers_employee_role</update>
        <read>b2bsellers_employee_role_translation</read>
        <create>b2bsellers_employee_role_translation</create>
        <update>b2bsellers_employee_role_translation</update>
        <read>b2bsellers_platform_menu_item</read>
        <create>b2bsellers_platform_menu_item</create>
        <update>b2bsellers_platform_menu_item</update>
        <read>b2bsellers_platform_menu_item_translation</read>
        <create>b2bsellers_platform_menu_item_translation</create>
        <update>b2bsellers_platform_menu_item_translation</update>
        <read>b2bsellers_product_list_type</read>
        <create>b2bsellers_product_list_type</create>
        <update>b2bsellers_product_list_type</update>
        <read>b2bsellers_product_list_type_translation</read>
        <create>b2bsellers_product_list_type_translation</create>
        <update>b2bsellers_product_list_type_translation</update>
        <read>b2bsellers_property_set</read>
        <create>b2bsellers_property_set</create>
        <update>b2bsellers_property_set</update>
        <read>b2bsellers_property_set_translation</read>
        <create>b2bsellers_property_set_translation</create>
        <update>b2bsellers_property_set_translation</update>
        <read>moorl_magazine_article</read>
        <create>moorl_magazine_article</create>
        <update>moorl_magazine_article</update>
        <read>moorl_magazine_article_translation</read>
        <create>moorl_magazine_article_translation</create>
        <update>moorl_magazine_article_translation</update>
        <read>cbax_lexicon_entry</read>
        <create>cbax_lexicon_entry</create>
        <update>cbax_lexicon_entry</update>
        <read>cbax_lexicon_entry_translation</read>
        <create>cbax_lexicon_entry_translation</create>
        <update>cbax_lexicon_entry_translation</update>
        <read>acris_cookie_group</read>
        <create>acris_cookie_group</create>
        <update>acris_cookie_group</update>
        <read>acris_cookie_group_translation</read>
        <create>acris_cookie_group_translation</create>
        <update>acris_cookie_group_translation</update>
        <read>acris_cookie</read>
        <create>acris_cookie</create>
        <update>acris_cookie</update>
        <read>acris_cookie_translation</read>
        <create>acris_cookie_translation</create>
        <update>acris_cookie_translation</update>
        <read>acris_download_tab</read>
        <create>acris_download_tab</create>
        <update>acris_download_tab</update>
        <read>acris_download_tab_translation</read>
        <create>acris_download_tab_translation</create>
        <update>acris_download_tab_translation</update>
        <read>acris_product_download</read>
        <create>acris_product_download</create>
        <update>acris_product_download</update>
        <read>acris_product_download_translation</read>
        <create>acris_product_download_translation</create>
        <update>acris_product_download_translation</update>
        <read>acris_product_video</read>
        <create>acris_product_video</create>
        <update>acris_product_video</update>
        <read>acris_product_video_translation</read>
        <create>acris_product_video_translation</create>
        <update>acris_product_video_translation</update>
        <read>c108_adventskalender</read>
        <create>c108_adventskalender</create>
        <update>c108_adventskalender</update>
        <read>c108_adventskalender_translation</read>
        <create>c108_adventskalender_translation</create>
        <update>c108_adventskalender_translation</update>
        <read>lenz_platform_clp</read>
        <create>lenz_platform_clp</create>
        <update>lenz_platform_clp</update>
        <read>lenz_platform_clp_translation</read>
        <create>lenz_platform_clp_translation</create>
        <update>lenz_platform_clp_translation</update>
        <read>neti_easy_coupon_product</read>
        <create>neti_easy_coupon_product</create>
        <update>neti_easy_coupon_product</update>
        <read>neti_easy_coupon_product_translation</read>
        <create>neti_easy_coupon_product_translation</create>
        <update>neti_easy_coupon_product_translation</update>
        <read>neti_easy_coupon</read>
        <create>neti_easy_coupon</create>
        <update>neti_easy_coupon</update>
        <read>neti_easy_coupon_translation</read>
        <create>neti_easy_coupon_translation</create>
        <update>neti_easy_coupon_translation</update>
        <read>moorl_magazine_category</read>
        <create>moorl_magazine_category</create>
        <update>moorl_magazine_category</update>
        <read>moorl_magazine_category_translation</read>
        <create>moorl_magazine_category_translation</create>
        <update>moorl_magazine_category_translation</update>
        <read>h1webblog_blog</read>
        <create>h1webblog_blog</create>
        <update>h1webblog_blog</update>
        <read>h1webblog_blog_translation</read>
        <create>h1webblog_blog_translation</create>
        <update>h1webblog_blog_translation</update>  
        
    </permissions>
    <webhooks>
        <webhook name="appActivated" url="https://www.reqser.com/app/shopware/lifecycle/activate" event="app.activated"/>
        <webhook name="appDeactivated" url="https://www.reqser.com/app/shopware/lifecycle/deactivate" event="app.deactivated"/>
        <webhook name="appDeleted" url="https://www.reqser.com/app/shopware/lifecycle/delete" event="app.deleted"/>
        <webhook name="productWritten" url="https://www.reqser.com/app/shopware/webhook" event="product.written"/>
        <webhook name="categoryWritten" url="https://www.reqser.com/app/shopware/webhook" event="category.written"/>
    </webhooks>
</manifest>